timestamp	hypothesis	baseline	metric	status
1774170729.8808894	Cache OP_NAMES lookup for faster dispatch	4041170.0	3903217.0	REVERT
1774171526.4528685	Cache OP_NAMES lookup for faster dispatch	56	56	REVERT
1774171588.4896111	Cache OP_NAMES lookup for faster dispatch	91	91	KEEP
1774171730.4571776	Cache OP_NAMES lookup for faster dispatch	91	91	KEEP
1774172111.8653412	Add SPARKLINE formula function for metric history	91	91	KEEP
1774179103.5822182	Cache opcode names for faster VM dispatch	92	92	KEEP
1774179134.3648944	Add formula for GPU performance tracking	92	92	KEEP
1774181421.2911735	Add formula for GPU performance tracking	94	94	KEEP
1774182027.146937	inline function call for faster execution	94	94	KEEP
1774182135.7351825	implement new opcode for experimental features	94	94	KEEP
1774182390.6178625	add logging for better debugging	94	94	KEEP
1774182426.129701	add try-catch error handling	94	94	KEEP
1774182523.8265555	add utility method to VMState for tracking	94	94	KEEP
